timestamp,cpu.%usr,cpu.%nice,cpu.%sys,cpu.%iowait,cpu.%steal,cpu.%irq,cpu.%soft,cpu.%guest,cpu.%gnice,cpu.%idle,task.proc/s,task.cswch/s,intr.intr/s,swap.pswpin/s,swap.pswpout/s,paging.pgpgin/s,paging.pgpgout/s,paging.fault/s,paging.majflt/s,paging.pgfree/s,paging.pgscank/s,paging.pgscand/s,paging.pgsteal/s,paging.%vmeff,io.tps,io.rtps,io.wtps,io.bread/s,io.bwrtn/s,memory.kbmemfree,memory.kbavail,memory.kbmemused,memory.%memused,memory.kbbuffers,memory.kbcached,memory.kbcommit,memory.%commit,memory.kbactive,memory.kbinact,memory.kbdirty,memory.kbanonpg,memory.kbslab,memory.kbkstack,memory.kbpgtbl,memory.kbvmused,swap.kbswpfree,swap.kbswpused,swap.%swpused,swap.kbswpcad,swap.%swpcad,load.runq-sz,load.plist-sz,load.ldavg-1,load.ldavg-5,load.ldavg-15,load.blocked,disk.tps,disk.rd_sec/s,disk.wr_sec/s,disk.avgrq-sz,disk.avgqu-sz,disk.await,disk.svctm,disk.%util,network.rxpck/s,network.txpck/s,network.rxkB/s,network.txkB/s,network.rxcmp/s,network.txcmp/s,network.rxmcst/s,network.%ifutil
2018-01-05 07:33:46,5.41,0.00,0.10,0.00,0.05,0.00,0.00,0.00,0.00,94.44,0.80,315.60,272.20,0.00,0.00,0.00,36.80,862.60,0.00,1558.40,0.00,0.00,0.00,0.00,0.80,0.00,0.80,0.00,73.60,30335864,0,1064056,3.39,34912,341776,1472084,4.69,608792,211060,408,443172,50800,2040,3120,58076,0,0,0.00,0,0.00,1,241,0.29,2.06,2.74,0,0.80,0.00,73.60,92.00,0.00,0.00,0.00,0.00,4.00,5.40,0.34,0.78,0.00,0.00,0.00,0.00
2018-01-05 07:33:51,0.00,0.00,0.00,0.00,0.00,0.00,0.00,0.00,0.00,100.00,0.00,236.80,140.80,0.00,0.00,0.00,0.00,13.40,0.00,17.60,0.00,0.00,0.00,0.00,0.00,0.00,0.00,0.00,0.00,30336060,0,1063860,3.39,34912,341796,1472084,4.69,608684,211060,428,443092,50800,2040,3120,58076,0,0,0.00,0,0.00,1,241,0.27,2.03,2.73,0,0.00,0.00,0.00,0.00,0.00,0.00,0.00,0.00,1.40,2.60,0.11,0.43,0.00,0.00,0.00,0.00
2018-01-05 07:33:56,8.90,0.00,0.61,0.00,0.25,0.00,0.20,0.00,0.00,90.04,7.20,2374.60,3040.20,0.00,0.00,0.00,4.80,1864.80,0.00,2518.00,0.00,0.00,0.00,0.00,0.80,0.00,0.80,0.00,9.60,30278376,0,1121544,3.57,34920,368576,1359616,4.33,638676,237752,27196,473012,51072,2136,3196,58076,0,0,0.00,0,0.00,0,253,0.49,2.05,2.73,0,0.80,0.00,9.60,12.00,0.00,0.00,0.00,0.00,638.60,428.60,5499.10,29.79,0.00,0.00,0.00,0.00
2018-01-05 07:34:01,2.40,0.00,0.61,0.05,0.66,0.00,0.46,0.00,0.00,95.81,0.00,3676.00,4779.40,0.00,0.00,0.00,90.40,16.00,0.00,6197.60,0.00,0.00,0.00,0.00,12.20,0.00,12.20,0.00,180.80,30199460,0,1200460,3.82,34928,446580,1359616,4.33,638684,315592,104908,473000,51104,2136,3196,58076,0,0,0.00,0,0.00,1,253,0.45,2.01,2.71,0,12.20,0.00,180.80,14.82,0.01,0.66,0.07,0.08,1780.60,1098.20,15636.68,73.98,0.00,0.00,0.00,0.00
2018-01-05 07:34:06,83.94,0.00,3.37,0.20,0.10,0.00,0.15,0.00,0.00,12.24,29.20,2573.00,2361.60,0.00,0.00,0.00,13.60,23347.80,0.00,10070.00,0.00,0.00,0.00,0.00,0.40,0.00,0.40,0.00,27.20,29391088,0,2008832,6.40,34936,470808,27682444,88.16,1422064,333780,129176,1254536,52424,2776,6076,58076,0,0,0.00,0,0.00,11,369,1.05,2.11,2.74,0,0.40,0.00,27.20,68.00,0.00,12.00,12.00,0.48,543.00,287.40,4739.57,19.48,0.00,0.00,0.00,0.00
2018-01-05 07:34:11,71.47,0.00,5.14,0.00,0.10,0.00,0.05,0.00,0.00,23.24,27.00,4016.20,2588.20,0.00,0.00,0.00,2046.40,10090.60,0.00,7791.00,0.00,0.00,0.00,0.00,17.60,0.00,17.60,0.00,4092.80,27179372,0,4220548,13.44,34948,491696,27919388,88.92,3611872,338572,140308,3438132,53124,3576,10444,58076,0,0,0.00,0,0.00,9,433,1.05,2.09,2.73,0,17.60,0.00,4092.80,232.55,2.67,151.68,4.27,7.52,257.00,223.00,2002.39,23.03,0.00,0.00,0.00,0.00
2018-01-05 07:34:16,93.15,0.00,6.80,0.00,0.00,0.00,0.00,0.00,0.00,0.05,0.00,1811.40,1678.00,0.00,0.00,0.00,78.40,1070.00,0.00,8548.00,0.00,0.00,0.00,0.00,1.00,0.00,1.00,0.00,156.80,22292336,0,9107584,29.01,34956,491724,27919388,88.92,8485416,338504,140268,8313620,52980,3480,20412,58076,0,0,0.00,0,0.00,4,421,1.36,2.14,2.74,0,1.00,0.00,156.80,156.80,0.01,12.80,12.80,1.28,2.20,4.40,0.16,0.77,0.00,0.00,0.00,0.00
2018-01-05 07:34:21,97.35,0.00,2.65,0.00,0.00,0.00,0.00,0.00,0.00,0.00,0.00,1644.00,1602.80,0.00,0.00,0.00,4.80,231.80,0.00,8126.80,0.00,0.00,0.00,0.00,0.40,0.00,0.40,0.00,9.60,20306160,0,11093760,35.33,34964,491748,27919388,88.92,10445576,338528,140296,10296300,52972,3480,24180,58076,0,0,0.00,0,0.00,5,421,1.57,2.17,2.75,0,0.40,0.00,9.60,24.00,0.01,14.00,14.00,0.56,1.20,2.40,0.11,0.56,0.00,0.00,0.00,0.00
2018-01-05 07:34:26,98.80,0.00,1.15,0.00,0.00,0.00,0.00,0.00,0.00,0.05,0.00,1545.80,1793.60,0.00,0.00,0.00,25717.60,105.00,0.00,2304.40,0.00,0.00,0.00,0.00,201.40,0.00,201.40,0.00,51435.20,19684428,0,11715492,37.31,34972,491772,27919388,88.92,11105172,338532,11764,10917004,53112,3448,25516,58076,0,0,0.00,0,0.00,5,417,1.77,2.20,2.76,0,201.40,0.00,51435.20,255.39,7.15,35.49,0.29,5.84,2.20,4.40,0.37,1.86,0.00,0.00,0.00,0.00
2018-01-05 07:34:31,98.75,0.00,1.15,0.00,0.00,0.00,0.05,0.00,0.00,0.05,0.00,1732.40,1584.80,0.00,0.00,0.00,12.00,133.40,0.00,13589.60,0.00,0.00,0.00,0.00,0.80,0.00,0.80,0.00,24.00,18976568,0,12423352,39.56,34980,491796,27919388,88.92,11809808,338544,11788,11623632,53056,3440,26896,58076,0,0,0.00,0,0.00,4,416,1.95,2.23,2.77,0,0.80,0.00,24.00,30.00,0.00,0.00,0.00,0.00,1.40,2.80,0.12,0.67,0.00,0.00,0.00,0.00
2018-01-05 07:34:36,97.70,0.00,2.30,0.00,0.00,0.00,0.00,0.00,0.00,0.00,0.00,1723.00,1581.40,0.00,0.00,0.00,163.20,211.60,0.00,7712.20,0.00,0.00,0.00,0.00,17.60,0.00,17.60,0.00,326.40,17107228,0,14292692,45.52,34988,491812,27919388,88.92,13644888,338564,11168,13489416,53072,3440,30544,58076,0,0,0.00,0,0.00,4,416,2.43,2.33,2.79,0,17.60,0.00,326.40,18.55,0.08,4.73,1.36,2.40,2.00,4.00,0.35,1.76,0.00,0.00,0.00,0.00
2018-01-05 07:34:41,98.15,0.00,1.85,0.00,0.00,0.00,0.00,0.00,0.00,0.00,0.00,1649.40,1577.20,0.00,0.00,0.00,2204.00,162.20,0.00,6076.20,0.00,0.00,0.00,0.00,19.00,0.00,19.00,0.00,4408.00,15754844,0,15645076,49.83,34996,491840,27919388,88.92,14980232,338580,468,14832932,53108,3432,33020,58076,0,0,0.00,0,0.00,7,415,2.56,2.36,2.80,0,19.00,0.00,4408.00,232.00,0.26,13.81,0.29,0.56,1.40,2.80,0.12,0.67,0.00,0.00,0.00,0.00
2018-01-05 07:34:46,98.10,0.00,1.90,0.00,0.00,0.00,0.00,0.00,0.00,0.00,0.00,1706.00,1572.00,0.00,0.00,0.00,4.00,138.00,0.00,6417.40,0.00,0.00,0.00,0.00,0.40,0.00,0.40,0.00,8.00,14626932,0,16772988,53.42,34996,491876,27919388,88.92,16144912,338600,380,15964836,53124,3408,35184,58076,0,0,0.00,0,0.00,6,412,2.67,2.38,2.81,0,0.40,0.00,8.00,20.00,0.00,0.00,0.00,0.00,2.40,4.60,0.38,1.87,0.00,0.00,0.00,0.00
2018-01-05 07:34:51,98.75,0.00,1.25,0.00,0.00,0.00,0.00,0.00,0.00,0.00,0.00,1666.20,1586.20,0.00,0.00,0.00,41.60,100.80,0.00,3814.00,0.00,0.00,0.00,0.00,1.00,0.00,1.00,0.00,83.20,13816096,0,17583824,56.00,35004,491900,27919388,88.92,16949840,338628,400,16773848,53140,3408,36956,58076,0,0,0.00,0,0.00,4,412,2.78,2.41,2.81,0,1.00,0.00,83.20,83.20,0.00,0.80,0.80,0.08,1.40,2.60,0.11,0.57,0.00,0.00,0.00,0.00
2018-01-05 07:34:56,98.40,0.00,1.60,0.00,0.00,0.00,0.00,0.00,0.00,0.00,0.00,1862.20,1578.80,0.00,0.00,0.00,4.80,139.40,0.00,4642.00,0.00,0.00,0.00,0.00,0.40,0.00,0.40,0.00,9.60,12620060,0,18779860,59.81,35012,491924,27919388,88.92,18074212,338648,260,17967840,53124,3400,38776,58076,0,0,0.00,0,0.00,4,411,2.88,2.44,2.82,0,0.40,0.00,9.60,24.00,0.00,2.00,2.00,0.08,2.20,4.40,0.37,1.86,0.00,0.00,0.00,0.00
2018-01-05 07:35:01,98.70,0.00,1.30,0.00,0.00,0.00,0.00,0.00,0.00,0.00,0.00,1643.60,1578.40,0.00,0.00,0.00,7.20,112.20,0.00,4126.80,0.00,0.00,0.00,0.00,0.60,0.00,0.60,0.00,14.40,11696360,0,19703560,62.75,35020,491948,27919388,88.92,19059312,338664,284,18889436,53132,3392,40860,58076,0,0,0.00,0,0.00,4,410,3.29,2.53,2.85,0,0.60,0.00,14.40,24.00,0.00,1.33,1.33,0.08,1.40,2.80,0.12,0.67,0.00,0.00,0.00,0.00
2018-01-05 07:35:06,98.65,0.00,1.35,0.00,0.00,0.00,0.00,0.00,0.00,0.00,0.40,1571.60,1584.60,0.00,0.00,0.00,40.80,281.40,0.00,4903.80,0.00,0.00,0.00,0.00,3.20,0.00,3.20,0.00,81.60,10726176,0,20673744,65.84,35028,491972,27919388,88.92,19982804,338680,316,19857968,53192,3368,42792,58076,0,0,0.00,0,0.00,4,407,3.58,2.60,2.87,0,3.20,0.00,81.60,25.50,0.00,0.00,0.00,0.00,2.00,3.80,0.34,1.67,0.00,0.00,0.00,0.00
2018-01-05 07:35:11,98.40,0.00,1.60,0.00,0.00,0.00,0.00,0.00,0.00,0.00,0.00,1607.60,1586.00,0.00,0.00,0.00,16.00,128.40,0.00,4731.80,0.00,0.00,0.00,0.00,0.60,0.00,0.60,0.00,32.00,9683048,0,21716872,69.16,35036,492000,27919388,88.92,21062436,338704,288,20898676,53176,3336,45088,58076,0,0,0.00,0,0.00,4,403,3.70,2.64,2.88,0,0.60,0.00,32.00,53.33,0.00,0.00,0.00,0.00,1.40,2.80,0.12,0.67,0.00,0.00,0.00,0.00
2018-01-05 07:35:16,98.50,0.00,1.50,0.00,0.00,0.00,0.00,0.00,0.00,0.00,0.00,1594.80,1572.80,0.00,0.00,0.00,5.60,142.20,0.00,4224.20,0.00,0.00,0.00,0.00,0.40,0.00,0.40,0.00,11.20,8581108,0,22818812,72.67,35044,492024,27919388,88.92,22129748,338720,328,21998780,53200,3336,47220,58076,0,0,0.00,0,0.00,8,403,4.20,2.76,2.92,0,0.40,0.00,11.20,28.00,0.00,0.00,0.00,0.00,2.20,4.40,0.37,1.89,0.00,0.00,0.00,0.00
2018-01-05 07:35:21,99.35,0.00,0.65,0.00,0.00,0.00,0.00,0.00,0.00,0.00,0.00,1514.60,1591.00,0.00,0.00,0.00,8.00,39.40,0.00,1568.80,0.00,0.00,0.00,0.00,0.60,0.00,0.60,0.00,16.00,8345172,0,23054748,73.42,35052,492052,27919388,88.92,22422640,338708,364,22234260,53160,3328,47624,58076,0,0,0.00,0,0.00,4,402,4.19,2.79,2.92,0,0.60,0.00,16.00,26.67,0.00,0.00,0.00,0.00,1.20,2.40,0.11,0.56,0.00,0.00,0.00,0.00
2018-01-05 07:35:26,99.65,0.00,0.30,0.00,0.00,0.00,0.05,0.00,0.00,0.00,0.00,1624.60,1586.20,0.00,0.00,0.00,40.00,10.60,0.00,33.80,0.00,0.00,0.00,0.00,0.80,0.00,0.80,0.00,80.00,8345188,0,23054732,73.42,35060,492076,27919388,88.92,22422464,338740,388,22234064,53168,3304,47624,58076,0,0,0.00,0,0.00,5,399,4.17,2.81,2.93,0,0.80,0.00,80.00,100.00,0.00,0.00,0.00,0.00,2.20,4.40,0.37,1.93,0.00,0.00,0.00,0.00
2018-01-05 07:35:31,99.85,0.00,0.15,0.00,0.00,0.00,0.00,0.00,0.00,0.00,0.00,1462.80,1573.00,0.00,0.00,0.00,8.80,11.40,0.00,20.40,0.00,0.00,0.00,0.00,0.60,0.00,0.60,0.00,17.60,8345164,0,23054756,73.42,35068,492104,27919388,88.92,22422464,338740,252,22234064,53192,3304,47624,58076,0,0,0.00,0,0.00,4,399,4.48,2.89,2.96,0,0.60,0.00,17.60,29.33,0.00,0.00,0.00,0.00,1.40,2.80,0.12,0.67,0.00,0.00,0.00,0.00
2018-01-05 07:35:36,43.54,0.00,0.10,0.15,0.05,0.00,0.00,0.00,0.00,56.16,0.00,1603.00,1316.00,0.00,0.00,0.00,22.40,34.80,0.00,470.60,0.00,0.00,0.00,0.00,1.60,0.00,1.60,0.00,44.80,8341496,0,23058424,73.43,35076,492116,27919388,88.92,22426264,338744,268,22237868,53136,3304,47632,58076,0,0,0.00,0,0.00,1,399,4.20,2.86,2.95,0,1.60,0.00,44.80,28.00,0.01,4.50,4.50,0.72,7.80,10.00,3.45,5.83,0.00,0.00,0.00,0.00
2018-01-05 07:35:41,98.70,0.00,0.55,0.00,0.00,0.00,0.00,0.00,0.00,0.75,0.00,1688.60,1672.80,0.00,0.00,0.00,37.60,2731.00,0.00,4040.00,0.00,0.00,0.00,0.00,2.80,0.00,2.80,0.00,75.20,8073248,0,23326672,74.29,35088,492140,27919388,88.92,22670640,338656,288,22506676,53112,3304,48168,58076,0,0,0.00,0,0.00,4,399,4.18,2.88,2.95,0,2.80,0.00,75.20,26.86,0.00,0.00,0.00,0.00,5.80,8.40,2.30,1.74,0.00,0.00,0.00,0.00
2018-01-05 07:35:46,98.45,0.00,1.50,0.00,0.00,0.00,0.00,0.00,0.00,0.05,0.00,1622.40,1614.00,0.00,0.00,0.00,3.20,114.00,0.00,7763.60,0.00,0.00,0.00,0.00,0.80,0.00,0.80,0.00,6.40,7186416,0,24213504,77.11,35088,492176,27919388,88.92,23556928,338680,340,23390872,53064,3304,49912,58076,0,0,0.00,0,0.00,5,399,4.17,2.90,2.96,0,0.80,0.00,6.40,8.00,0.00,0.00,0.00,0.00,2.40,4.60,0.38,2.02,0.00,0.00,0.00,0.00
2018-01-05 07:35:51,98.75,0.00,1.25,0.00,0.00,0.00,0.00,0.00,0.00,0.00,0.00,1590.80,1587.40,0.00,0.00,0.00,4.00,116.60,0.00,3508.60,0.00,0.00,0.00,0.00,0.40,0.00,0.40,0.00,8.00,6197304,0,25202616,80.26,35096,492200,27919388,88.92,24507268,338700,348,24376012,53088,3304,51716,58076,0,0,0.00,0,0.00,7,399,4.16,2.92,2.96,0,0.40,0.00,8.00,20.00,0.00,2.00,2.00,0.08,1.20,2.40,0.11,0.56,0.00,0.00,0.00,0.00
2018-01-05 07:35:56,97.85,0.00,2.15,0.00,0.00,0.00,0.00,0.00,0.00,0.00,0.00,1705.80,1562.80,0.00,0.00,0.00,8.00,465.60,0.00,4223.80,0.00,0.00,0.00,0.00,0.60,0.00,0.60,0.00,16.00,4699872,0,26700048,85.03,35104,492228,28068836,89.39,26051924,338720,392,25873576,53104,3304,54468,58076,0,0,0.00,0,0.00,11,399,4.14,2.93,2.97,0,0.60,0.00,16.00,26.67,0.00,1.33,1.33,0.08,2.20,4.40,0.37,2.01,0.00,0.00,0.00,0.00
2018-01-05 07:36:01,99.55,0.00,0.30,0.00,0.00,0.00,0.05,0.00,0.00,0.10,0.00,1614.40,1597.80,0.00,0.00,0.00,42.40,120.00,0.00,101.40,0.00,0.00,0.00,0.00,1.40,0.00,1.40,0.00,84.80,4609000,0,26790920,85.32,35112,492252,28122276,89.56,26152696,338720,416,25964092,53152,3296,54932,58076,0,0,0.00,0,0.00,4,398,4.13,2.95,2.97,0,1.40,0.00,84.80,60.57,0.00,0.00,0.00,0.00,1.40,2.80,0.13,0.67,0.00,0.00,0.00,0.00
2018-01-05 07:36:06,99.75,0.00,0.20,0.00,0.00,0.00,0.00,0.00,0.00,0.05,0.00,1616.40,1624.00,0.00,0.00,0.00,21.60,14.20,0.00,20.60,0.00,0.00,0.00,0.00,1.20,0.00,1.20,0.00,43.20,4608932,0,26790988,85.32,35120,492280,28122276,89.56,26152720,338744,276,25964156,53096,3296,54932,58076,0,0,0.00,0,0.00,4,398,4.12,2.97,2.98,0,1.20,0.00,43.20,36.00,0.00,0.00,0.00,0.00,2.00,4.00,0.36,1.91,0.00,0.00,0.00,0.00
2018-01-05 07:36:11,99.80,0.00,0.20,0.00,0.00,0.00,0.00,0.00,0.00,0.00,0.00,1646.20,1606.60,0.00,0.00,0.00,35.20,15.60,0.00,20.00,0.00,0.00,0.00,0.00,4.80,0.00,4.80,0.00,70.40,4608876,0,26791044,85.32,35128,492292,28122276,89.56,26152760,338764,280,25964216,53120,3296,54932,58076,0,0,0.00,0,0.00,5,398,4.11,2.99,2.99,0,4.80,0.00,70.40,14.67,0.00,0.00,0.00,0.00,1.80,3.20,0.14,0.69,0.00,0.00,0.00,0.00
2018-01-05 07:36:16,99.80,0.00,0.20,0.00,0.00,0.00,0.00,0.00,0.00,0.00,0.00,1565.40,1583.00,0.00,0.00,0.00,0.00,10.60,0.00,18.80,0.00,0.00,0.00,0.00,0.00,0.00,0.00,0.00,0.00,4608868,0,26791052,85.32,35128,492328,28122276,89.56,26152816,338780,180,25964256,53128,3296,54932,58076,0,0,0.00,0,0.00,4,398,4.10,3.00,2.99,0,0.00,0.00,0.00,0.00,0.00,0.00,0.00,0.00,2.20,4.40,0.37,2.01,0.00,0.00,0.00,0.00
2018-01-05 07:36:21,99.90,0.00,0.10,0.00,0.00,0.00,0.00,0.00,0.00,0.00,0.00,1682.20,1590.80,0.00,0.00,0.00,4.00,14.00,0.00,101.20,0.00,0.00,0.00,0.00,0.40,0.00,0.40,0.00,8.00,4610436,0,26789484,85.32,35136,492352,28122276,89.56,26151412,338792,216,25962776,53080,3296,54932,58076,0,0,0.00,0,0.00,4,398,4.09,3.02,3.00,0,0.40,0.00,8.00,20.00,0.00,2.00,2.00,0.08,1.20,2.40,0.11,0.56,0.00,0.00,0.00,0.00
2018-01-05 07:36:26,99.85,0.00,0.15,0.00,0.00,0.00,0.00,0.00,0.00,0.00,0.00,1593.40,1588.60,0.00,0.00,0.00,3.20,11.20,0.00,20.80,0.00,0.00,0.00,0.00,0.40,0.00,0.40,0.00,6.40,4610336,0,26789584,85.32,35144,492380,28122276,89.56,26151452,338812,248,25962836,53056,3296,54932,58076,0,0,0.00,0,0.00,4,398,4.09,3.04,3.00,0,0.40,0.00,6.40,16.00,0.00,0.00,0.00,0.00,2.20,4.40,0.37,2.01,0.00,0.00,0.00,0.00
2018-01-05 07:36:31,99.90,0.00,0.10,0.00,0.00,0.00,0.00,0.00,0.00,0.00,0.00,1634.20,1589.40,0.00,0.00,0.00,9.60,14.20,0.00,20.80,0.00,0.00,0.00,0.00,1.20,0.00,1.20,0.00,19.20,4610344,0,26789576,85.32,35152,492404,28122276,89.56,26151476,338832,276,25962892,53048,3296,54932,58076,0,0,0.00,0,0.00,4,398,4.08,3.05,3.01,0,1.20,0.00,19.20,16.00,0.00,0.00,0.00,0.00,1.40,2.80,0.13,0.67,0.00,0.00,0.00,0.00
2018-01-05 07:36:36,99.75,0.00,0.25,0.00,0.00,0.00,0.00,0.00,0.00,0.00,0.00,1615.20,1594.40,0.00,0.00,0.00,56.80,16.60,0.00,20.60,0.00,0.00,0.00,0.00,2.00,0.00,2.00,0.00,113.60,4610172,0,26789748,85.32,35160,492432,28122276,89.56,26151556,338868,0,25962964,53096,3296,54932,58076,0,0,0.00,0,0.00,4,398,4.07,3.07,3.01,0,2.00,0.00,113.60,56.80,0.05,25.60,13.20,2.64,2.00,4.00,0.36,1.91,0.00,0.00,0.00,0.00
2018-01-05 07:36:41,99.70,0.00,0.30,0.00,0.00,0.00,0.00,0.00,0.00,0.00,0.00,1578.40,1595.40,0.00,0.00,0.00,11.20,15.40,0.00,18.20,0.00,0.00,0.00,0.00,0.60,0.00,0.60,0.00,22.40,4610040,0,26789880,85.32,35168,492448,28122276,89.56,26151688,338876,172,25963024,53072,3296,54932,58076,0,0,0.00,0,0.00,7,398,4.07,3.08,3.02,0,0.60,0.00,22.40,37.33,0.00,0.00,0.00,0.00,1.60,3.00,0.13,0.68,0.00,0.00,0.00,0.00
2018-01-05 07:36:46,99.70,0.00,0.30,0.00,0.00,0.00,0.00,0.00,0.00,0.00,0.00,1895.20,1618.80,0.00,0.00,0.00,0.00,107.40,0.00,126.80,0.00,0.00,0.00,0.00,0.00,0.00,0.00,0.00,0.00,4610544,0,26789376,85.32,35168,492476,28122276,89.56,26151592,338776,224,25962720,53096,3296,54932,58076,0,0,0.00,0,0.00,4,398,4.06,3.10,3.02,0,0.00,0.00,0.00,0.00,0.00,0.00,0.00,0.00,2.20,4.40,0.37,2.03,0.00,0.00,0.00,0.00
2018-01-05 07:36:51,99.90,0.00,0.10,0.00,0.00,0.00,0.00,0.00,0.00,0.00,0.00,1563.00,1588.20,0.00,0.00,0.00,15.20,12.20,0.00,21.00,0.00,0.00,0.00,0.00,1.80,0.00,1.80,0.00,30.40,4610304,0,26789616,85.32,35176,492504,28122276,89.56,26151704,338776,256,25962840,53088,3296,54932,58076,0,0,0.00,0,0.00,4,398,4.06,3.11,3.03,0,1.80,0.00,30.40,16.89,0.00,0.00,0.00,0.00,1.20,2.40,0.11,0.56,0.00,0.00,0.00,0.00
2018-01-05 07:36:56,99.85,0.00,0.15,0.00,0.00,0.00,0.00,0.00,0.00,0.00,0.00,1514.20,1608.00,0.00,0.00,0.00,3.20,9.40,0.00,20.00,0.00,0.00,0.00,0.00,0.40,0.00,0.40,0.00,6.40,4610304,0,26789616,85.32,35184,492528,28122276,89.56,26151728,338796,244,25962856,53088,3296,54932,58076,0,0,0.00,0,0.00,4,398,4.05,3.13,3.03,0,0.40,0.00,6.40,16.00,0.00,0.00,0.00,0.00,2.20,4.40,0.37,2.05,0.00,0.00,0.00,0.00
2018-01-05 07:37:01,99.80,0.00,0.20,0.00,0.00,0.00,0.00,0.00,0.00,0.00,0.00,1508.40,1602.60,0.00,0.00,0.00,5.60,11.20,0.00,20.80,0.00,0.00,0.00,0.00,0.80,0.00,0.80,0.00,11.20,4610304,0,26789616,85.32,35192,492556,28122276,89.56,26151744,338816,272,25962860,53088,3296,54932,58076,0,0,0.00,0,0.00,4,398,4.05,3.14,3.04,0,0.80,0.00,11.20,14.00,0.00,0.00,0.00,0.00,1.40,2.80,0.13,0.67,0.00,0.00,0.00,0.00
2018-01-05 07:37:06,81.54,0.00,0.15,0.35,0.00,0.00,0.00,0.00,0.00,17.95,0.00,1552.00,1522.80,0.00,0.00,0.00,32.80,51.00,0.00,124.60,0.00,0.00,0.00,0.00,1.40,0.00,1.40,0.00,65.60,4610164,0,26789756,85.32,35200,493700,28122276,89.56,26150508,339716,1468,25961548,53072,3296,54932,58076,0,0,0.00,0,0.00,1,398,4.04,3.16,3.04,0,1.40,0.00,65.60,46.86,0.01,5.71,5.71,0.80,2.80,4.60,0.40,3.53,0.00,0.00,0.00,0.00
2018-01-05 07:37:11,45.65,0.00,0.40,0.00,0.05,0.00,0.00,0.00,0.00,53.90,0.00,1776.40,1491.00,0.00,0.00,0.00,71.20,599.20,0.00,63.40,0.00,0.00,0.00,0.00,1.20,0.00,1.20,0.00,142.40,4542040,0,26857880,85.53,35208,494208,28164412,89.70,26219564,340056,2080,26030324,53104,3296,55060,58076,0,0,0.00,0,0.00,5,398,3.72,3.10,3.03,0,1.20,0.00,142.40,118.67,0.00,0.00,0.00,0.00,38.00,60.40,10.95,325.34,0.00,0.00,0.00,0.00
2018-01-05 07:37:16,99.80,0.00,0.20,0.00,0.00,0.00,0.00,0.00,0.00,0.00,0.00,1643.80,1625.00,0.00,0.00,0.00,16.80,12.60,0.00,18.80,0.00,0.00,0.00,0.00,2.00,0.00,2.00,0.00,33.60,4541984,0,26857936,85.54,35216,494224,28164412,89.70,26219656,340056,1940,26030356,53160,3296,55060,58076,0,0,0.00,0,0.00,4,398,3.74,3.12,3.03,0,2.00,0.00,33.60,16.80,0.00,2.40,2.40,0.48,2.20,4.40,0.37,1.86,0.00,0.00,0.00,0.00
2018-01-05 07:37:21,99.85,0.00,0.00,0.00,0.00,0.00,0.00,0.00,0.00,0.15,0.00,1526.40,1604.00,0.00,0.00,0.00,0.00,13.00,0.00,21.40,0.00,0.00,0.00,0.00,0.00,0.00,0.00,0.00,0.00,4541852,0,26858068,85.54,35216,494256,28164412,89.70,26219724,340072,1952,26030400,53136,3296,55060,58076,0,0,0.00,0,0.00,4,398,3.76,3.13,3.04,0,0.00,0.00,0.00,0.00,0.00,0.00,0.00,0.00,1.20,2.40,0.11,0.56,0.00,0.00,0.00,0.00
2018-01-05 07:37:26,99.85,0.00,0.15,0.00,0.00,0.00,0.00,0.00,0.00,0.00,0.00,1583.40,1599.40,0.00,0.00,0.00,40.00,11.40,0.00,179.00,0.00,0.00,0.00,0.00,5.20,0.00,5.20,0.00,80.00,4544196,0,26855724,85.53,35224,494280,28164412,89.70,26216720,340096,1976,26027376,53120,3296,55056,58076,0,0,0.00,0,0.00,7,398,3.78,3.15,3.04,0,5.20,0.00,80.00,15.38,0.00,0.00,0.00,0.00,2.20,4.40,0.37,1.86,0.00,0.00,0.00,0.00
2018-01-05 07:37:31,99.80,0.00,0.20,0.00,0.00,0.00,0.00,0.00,0.00,0.00,0.00,1692.80,1550.20,0.00,0.00,0.00,7.20,81.00,0.00,331.80,0.00,0.00,0.00,0.00,0.60,0.00,0.60,0.00,14.40,4458136,0,26941784,85.80,35232,494308,28164412,89.70,26303444,340120,1820,26114104,53060,3280,55224,58076,0,0,0.00,0,0.00,4,396,3.88,3.18,3.06,0,0.60,0.00,14.40,24.00,0.00,0.00,0.00,0.00,1.40,2.80,0.13,0.67,0.00,0.00,0.00,0.00
2018-01-05 07:37:36,99.85,0.00,0.15,0.00,0.00,0.00,0.00,0.00,0.00,0.00,0.00,1620.00,1592.80,0.00,0.00,0.00,257.60,14.20,0.00,19.80,0.00,0.00,0.00,0.00,4.20,0.00,4.20,0.00,515.20,4457912,0,26942008,85.80,35240,494332,28164412,89.70,26303508,340120,536,26114152,53036,3280,55224,58076,0,0,0.00,0,0.00,4,396,3.89,3.19,3.06,0,4.20,0.00,515.20,122.67,0.01,1.52,0.19,0.08,2.20,4.20,0.36,1.77,0.00,0.00,0.00,0.00
2018-01-05 07:37:41,99.85,0.00,0.15,0.00,0.00,0.00,0.00,0.00,0.00,0.00,0.00,1534.00,1584.00,0.00,0.00,0.00,95.20,15.20,0.00,21.80,0.00,0.00,0.00,0.00,1.80,0.00,1.80,0.00,190.40,4457928,0,26941992,85.80,35248,494356,28164412,89.70,26303556,340140,368,26114224,53028,3272,55224,58076,0,0,0.00,0,0.00,4,395,3.90,3.21,3.06,0,1.80,0.00,190.40,105.78,0.00,0.00,0.00,0.00,1.40,2.80,0.13,0.67,0.00,0.00,0.00,0.00
2018-01-05 07:37:46,99.80,0.00,0.20,0.00,0.00,0.00,0.00,0.00,0.00,0.00,0.00,1550.40,1595.80,0.00,0.00,0.00,54.40,11.60,0.00,172.40,0.00,0.00,0.00,0.00,1.00,0.00,1.00,0.00,108.80,4460108,0,26939812,85.80,35260,494384,28164412,89.70,26300816,340164,368,26111412,53024,3272,55224,58076,0,0,0.00,0,0.00,4,394,3.91,3.22,3.07,0,1.00,0.00,108.80,108.80,0.00,0.80,0.80,0.08,2.20,4.40,0.37,1.86,0.00,0.00,0.00,0.00
2018-01-05 07:37:51,99.95,0.00,0.05,0.00,0.00,0.00,0.00,0.00,0.00,0.00,0.00,1546.20,1572.80,0.00,0.00,0.00,5.60,13.20,0.00,20.40,0.00,0.00,0.00,0.00,0.40,0.00,0.40,0.00,11.20,4460044,0,26939876,85.80,35268,494408,28164412,89.70,26300632,340192,240,26111228,53000,3264,55224,58076,0,0,0.00,0,0.00,4,394,3.91,3.23,3.07,0,0.40,0.00,11.20,28.00,0.00,0.00,0.00,0.00,1.20,2.40,0.11,0.56,0.00,0.00,0.00,0.00
2018-01-05 07:37:56,99.70,0.00,0.20,0.00,0.00,0.00,0.05,0.00,0.00,0.05,0.00,1581.40,1591.20,0.00,0.00,0.00,4.80,12.40,0.00,23.80,0.00,0.00,0.00,0.00,0.40,0.00,0.40,0.00,9.60,4459960,0,26939960,85.80,35276,494432,28164412,89.70,26300680,340200,268,26111288,52992,3264,55224,58076,0,0,0.00,0,0.00,5,394,4.16,3.29,3.10,0,0.40,0.00,9.60,24.00,0.00,2.00,2.00,0.08,2.20,4.40,0.37,1.86,0.00,0.00,0.00,0.00
2018-01-05 07:38:01,99.95,0.00,0.05,0.00,0.00,0.00,0.00,0.00,0.00,0.00,0.00,1567.00,1597.80,0.00,0.00,0.00,24.80,14.60,0.00,20.20,0.00,0.00,0.00,0.00,3.80,0.00,3.80,0.00,49.60,4459960,0,26939960,85.80,35284,494456,28164412,89.70,26300716,340208,296,26111352,52992,3264,55224,58076,0,0,0.00,0,0.00,4,394,4.39,3.36,3.12,0,3.80,0.00,49.60,13.05,0.00,0.21,0.21,0.08,1.40,2.80,0.13,0.67,0.00,0.00,0.00,0.00
2018-01-05 07:38:06,99.85,0.00,0.15,0.00,0.00,0.00,0.00,0.00,0.00,0.00,0.00,1591.20,1606.20,0.00,0.00,0.00,20.80,14.80,0.00,20.20,0.00,0.00,0.00,0.00,1.20,0.00,1.20,0.00,41.60,4459936,0,26939984,85.80,35292,494484,28164412,89.70,26300876,340244,236,26111428,53020,3264,55224,58076,0,0,0.00,0,0.00,7,394,4.36,3.37,3.12,0,1.20,0.00,41.60,34.67,0.01,4.67,4.67,0.56,2.20,4.20,0.36,1.77,0.00,0.00,0.00,0.00
2018-01-05 07:38:11,99.65,0.00,0.35,0.00,0.00,0.00,0.00,0.00,0.00,0.00,0.00,1585.20,1614.80,0.00,0.00,0.00,10.40,14.60,0.00,174.20,0.00,0.00,0.00,0.00,0.60,0.00,0.60,0.00,20.80,4462976,0,26936944,85.79,35300,494508,28164412,89.70,26297848,340272,260,26108404,53020,3264,55220,58076,0,0,0.00,0,0.00,7,394,4.33,3.38,3.13,0,0.60,0.00,20.80,34.67,0.00,1.33,1.33,0.08,1.40,2.80,0.13,0.67,0.00,0.00,0.00,0.00
2018-01-05 07:38:16,99.75,0.00,0.25,0.00,0.00,0.00,0.00,0.00,0.00,0.00,0.00,1636.80,1600.20,0.00,0.00,0.00,9.60,13.00,0.00,17.40,0.00,0.00,0.00,0.00,0.80,0.00,0.80,0.00,19.20,4462604,0,26937316,85.79,35308,494536,28164412,89.70,26297908,340284,292,26108476,53020,3264,55220,58076,0,0,0.00,0,0.00,5,394,4.30,3.39,3.13,0,0.80,0.00,19.20,24.00,0.00,1.00,1.00,0.08,2.20,4.40,0.37,1.86,0.00,0.00,0.00,0.00
2018-01-05 07:38:21,99.80,0.00,0.20,0.00,0.00,0.00,0.00,0.00,0.00,0.00,0.00,1584.00,1602.20,0.00,0.00,0.00,42.40,12.80,0.00,21.60,0.00,0.00,0.00,0.00,1.00,0.00,1.00,0.00,84.80,4462564,0,26937356,85.79,35316,494560,28164412,89.70,26297948,340304,332,26108516,53028,3264,55220,58076,0,0,0.00,0,0.00,4,394,4.28,3.40,3.14,0,1.00,0.00,84.80,84.80,0.02,16.00,8.80,0.88,1.20,2.40,0.11,0.56,0.00,0.00,0.00,0.00
2018-01-05 07:38:26,99.90,0.00,0.10,0.00,0.00,0.00,0.00,0.00,0.00,0.00,0.00,1555.00,1598.40,0.00,0.00,0.00,5.60,9.60,0.00,19.40,0.00,0.00,0.00,0.00,0.40,0.00,0.40,0.00,11.20,4462588,0,26937332,85.79,35324,494588,28164412,89.70,26298068,340328,196,26108532,53036,3264,55220,58076,0,0,0.00,0,0.00,4,394,4.26,3.41,3.14,0,0.40,0.00,11.20,28.00,0.00,2.00,2.00,0.08,2.20,4.40,0.37,1.93,0.00,0.00,0.00,0.00
2018-01-05 07:38:31,99.90,0.00,0.10,0.00,0.00,0.00,0.00,0.00,0.00,0.00,0.00,1546.60,1614.00,0.00,0.00,0.00,7.20,12.60,0.00,172.40,0.00,0.00,0.00,0.00,0.60,0.00,0.60,0.00,14.40,4465044,0,26934876,85.78,35332,494608,28164412,89.70,26295016,340340,232,26105468,53060,3264,55220,58076,0,0,0.00,0,0.00,4,394,4.23,3.42,3.15,0,0.60,0.00,14.40,24.00,0.00,1.33,1.33,0.08,1.40,2.80,0.13,0.67,0.00,0.00,0.00,0.00
2018-01-05 07:38:36,85.86,0.00,0.10,0.00,0.00,0.00,0.00,0.00,0.00,14.04,0.00,1520.00,1547.80,0.00,0.00,0.00,26.40,11.40,0.00,22.60,0.00,0.00,0.00,0.00,2.20,0.00,2.20,0.00,52.80,4464944,0,26934976,85.78,35340,494632,28164412,89.70,26295036,340364,248,26105488,53036,3264,55220,58076,0,0,0.00,0,0.00,1,394,4.22,3.43,3.15,0,2.20,0.00,52.80,24.00,0.00,0.36,0.36,0.08,3.00,4.80,0.40,3.31,0.00,0.00,0.00,0.00
2018-01-05 07:38:41,58.76,0.00,0.10,0.05,0.05,0.00,0.00,0.00,0.00,41.03,0.00,1695.00,1600.80,0.00,0.00,0.00,11.20,92.20,0.00,269.60,0.00,0.00,0.00,0.00,0.60,0.00,0.60,0.00,22.40,4462944,0,26936976,85.79,35348,494660,28164412,89.70,26296608,340284,268,26107016,53052,3264,55220,58076,0,0,0.00,0,0.00,5,394,3.96,3.39,3.14,0,0.60,0.00,22.40,37.33,0.00,1.33,1.33,0.08,76.60,63.80,606.97,7.93,0.00,0.00,0.00,0.00
2018-01-05 07:38:46,99.75,0.00,0.25,0.00,0.00,0.00,0.00,0.00,0.00,0.00,0.00,1589.80,1602.20,0.00,0.00,0.00,24.80,11.20,0.00,222.40,0.00,0.00,0.00,0.00,0.80,0.00,0.80,0.00,49.60,4462824,0,26937096,85.79,35356,494684,28164412,89.70,26296700,340272,368,26107028,53044,3264,55220,58076,0,0,0.00,0,0.00,5,394,3.96,3.40,3.14,0,0.80,0.00,49.60,62.00,0.00,0.00,0.00,0.00,2.20,4.40,0.37,1.86,0.00,0.00,0.00,0.00
2018-01-05 07:38:51,99.90,0.00,0.10,0.00,0.00,0.00,0.00,0.00,0.00,0.00,0.00,1581.00,1592.60,0.00,0.00,0.00,9.60,11.80,0.00,174.20,0.00,0.00,0.00,0.00,1.00,0.00,1.00,0.00,19.20,4465708,0,26934212,85.78,35364,494712,28164412,89.70,26293688,340292,392,26103960,53044,3264,55216,58076,0,0,0.00,0,0.00,5,394,3.96,3.41,3.15,0,1.00,0.00,19.20,19.20,0.00,0.80,0.80,0.08,1.20,2.40,0.11,0.56,0.00,0.00,0.00,0.00
2018-01-05 07:38:56,99.85,0.00,0.15,0.00,0.00,0.00,0.00,0.00,0.00,0.00,0.00,1586.20,1585.40,0.00,0.00,0.00,39.20,12.60,0.00,534.20,0.00,0.00,0.00,0.00,0.80,0.00,0.80,0.00,78.40,4463672,0,26936248,85.78,35372,494736,28164412,89.70,26295816,340312,412,26106104,53116,3264,55216,58076,0,0,0.00,0,0.00,5,394,3.97,3.42,3.15,0,0.80,0.00,78.40,98.00,0.00,0.00,0.00,0.00,2.20,4.40,0.37,1.86,0.00,0.00,0.00,0.00
2018-01-05 07:39:01,99.80,0.00,0.20,0.00,0.00,0.00,0.00,0.00,0.00,0.00,0.00,1684.40,1516.20,0.00,0.00,0.00,9.60,38.20,0.00,430.80,0.00,0.00,0.00,0.00,0.60,0.00,0.60,0.00,19.20,4346340,0,27053580,86.16,35380,494764,28164412,89.70,26412824,340360,276,26223040,53092,3264,55444,58076,0,0,0.00,0,0.00,5,394,4.45,3.53,3.19,0,0.60,0.00,19.20,32.00,0.00,0.00,0.00,0.00,1.40,2.80,0.13,0.67,0.00,0.00,0.00,0.00
2018-01-05 07:39:06,99.80,0.00,0.10,0.00,0.00,0.00,0.00,0.00,0.00,0.10,0.00,1615.40,1588.40,0.00,0.00,0.00,20.00,13.80,0.00,20.20,0.00,0.00,0.00,0.00,1.20,0.00,1.20,0.00,40.00,4346292,0,27053628,86.16,35388,494784,28164412,89.70,26412832,340360,288,26223088,53140,3264,55444,58076,0,0,0.00,0,0.00,5,394,4.41,3.53,3.19,0,1.20,0.00,40.00,33.33,0.00,0.00,0.00,0.00,2.00,4.00,0.36,1.76,0.00,0.00,0.00,0.00
2018-01-05 07:39:11,99.90,0.00,0.10,0.00,0.00,0.00,0.00,0.00,0.00,0.00,0.00,1635.60,1601.20,0.00,0.00,0.00,33.60,15.00,0.00,201.00,0.00,0.00,0.00,0.00,4.00,0.00,4.00,0.00,67.20,4349620,0,27050300,86.15,35396,494804,28164412,89.70,26409296,340376,300,26219564,53100,3264,55440,58076,0,0,0.00,0,0.00,6,394,4.38,3.54,3.20,0,4.00,0.00,67.20,16.80,0.00,0.00,0.00,0.00,1.60,3.00,0.13,0.68,0.00,0.00,0.00,0.00
2018-01-05 07:39:16,99.90,0.00,0.10,0.00,0.00,0.00,0.00,0.00,0.00,0.00,0.00,1489.80,1571.40,0.00,0.00,0.00,0.00,12.20,0.00,19.20,0.00,0.00,0.00,0.00,0.00,0.00,0.00,0.00,0.00,4349564,0,27050356,86.15,35396,494836,28164412,89.70,26409336,340396,204,26219624,53156,3264,55440,58076,0,0,0.00,0,0.00,8,394,4.35,3.55,3.20,0,0.00,0.00,0.00,0.00,0.00,0.00,0.00,0.00,2.20,4.40,0.37,1.86,0.00,0.00,0.00,0.00
2018-01-05 07:39:21,99.85,0.00,0.15,0.00,0.00,0.00,0.00,0.00,0.00,0.00,0.00,1521.20,1579.20,0.00,0.00,0.00,5.60,13.40,0.00,24.60,0.00,0.00,0.00,0.00,0.40,0.00,0.40,0.00,11.20,4349564,0,27050356,86.15,35404,494864,28164412,89.70,26409424,340408,264,26219680,53124,3264,55440,58076,0,0,0.00,0,0.00,6,394,4.32,3.56,3.21,0,0.40,0.00,11.20,28.00,0.00,2.00,2.00,0.08,1.20,2.40,0.11,0.56,0.00,0.00,0.00,0.00
2018-01-05 07:39:26,99.85,0.00,0.10,0.00,0.00,0.00,0.00,0.00,0.00,0.05,0.00,1732.40,1591.40,0.00,0.00,0.00,8.00,12.60,0.00,209.80,0.00,0.00,0.00,0.00,0.60,0.00,0.60,0.00,16.00,4347040,0,27052880,86.16,35412,494888,28164412,89.70,26412000,340428,292,26222208,53116,3264,55440,58076,0,0,0.00,0,0.00,4,394,4.30,3.56,3.21,0,0.60,0.00,16.00,26.67,0.03,42.67,42.67,2.56,2.20,4.40,0.37,1.86,0.00,0.00,0.00,0.00
2018-01-05 07:39:31,99.85,0.00,0.15,0.00,0.00,0.00,0.00,0.00,0.00,0.00,0.00,1638.60,1574.60,0.00,0.00,0.00,41.60,14.40,0.00,148.40,0.00,0.00,0.00,0.00,1.20,0.00,1.20,0.00,83.20,4349732,0,27050188,86.15,35420,494912,28164412,89.70,26409376,340448,320,26219604,53108,3264,55436,58076,0,0,0.00,0,0.00,4,394,4.27,3.57,3.21,0,1.20,0.00,83.20,69.33,0.00,0.00,0.00,0.00,1.60,3.00,0.13,0.68,0.00,0.00,0.00,0.00
2018-01-05 07:39:36,99.65,0.00,0.25,0.00,0.00,0.00,0.00,0.00,0.00,0.10,0.00,1604.20,1602.20,0.00,0.00,0.00,22.40,13.80,0.00,384.00,0.00,0.00,0.00,0.00,1.20,0.00,1.20,0.00,44.80,4340292,0,27059628,86.18,35428,494940,28164412,89.70,26410440,340472,188,26228772,53108,3264,55436,58076,0,0,0.00,0,0.00,6,394,4.25,3.58,3.22,0,1.20,0.00,44.80,37.33,0.00,0.00,0.00,0.00,2.00,4.00,0.36,1.76,0.00,0.00,0.00,0.00
2018-01-05 07:39:41,99.85,0.00,0.05,0.00,0.00,0.00,0.00,0.00,0.00,0.10,0.00,1555.20,1594.00,0.00,0.00,0.00,20.00,15.80,0.00,19.80,0.00,0.00,0.00,0.00,0.80,0.00,0.80,0.00,40.00,4340292,0,27059628,86.18,35440,494948,28164412,89.70,26418536,340492,192,26228740,53108,3264,55436,58076,0,0,0.00,0,0.00,4,394,4.23,3.59,3.22,0,0.80,0.00,40.00,50.00,0.00,0.00,0.00,0.00,1.40,2.80,0.13,0.67,0.00,0.00,0.00,0.00
2018-01-05 07:39:46,99.75,0.00,0.20,0.00,0.00,0.00,0.00,0.00,0.00,0.05,0.00,1647.80,1617.00,0.00,0.00,0.00,0.00,19.60,0.00,198.40,0.00,0.00,0.00,0.00,0.00,0.00,0.00,0.00,0.00,4343796,0,27056124,86.17,35440,494988,28164412,89.70,26415096,340516,284,26225296,53140,3264,55432,58076,0,0,0.00,0,0.00,6,394,4.21,3.59,3.23,0,0.00,0.00,0.00,0.00,0.00,0.00,0.00,0.00,2.20,4.40,0.37,1.88,0.00,0.00,0.00,0.00
2018-01-05 07:39:51,99.85,0.00,0.15,0.00,0.00,0.00,0.00,0.00,0.00,0.00,0.00,1543.40,1610.80,0.00,0.00,0.00,21.60,13.40,0.00,433.20,0.00,0.00,0.00,0.00,3.00,0.00,3.00,0.00,43.20,4337536,0,27062384,86.19,35448,495012,28164412,89.70,26421332,340544,316,26231528,53092,3264,55432,58076,0,0,0.00,0,0.00,4,394,4.20,3.60,3.23,0,3.00,0.00,43.20,14.40,0.00,0.00,0.00,0.00,1.20,2.40,0.11,0.56,0.00,0.00,0.00,0.00
2018-01-05 07:39:56,99.85,0.00,0.10,0.00,0.00,0.00,0.00,0.00,0.00,0.05,0.00,1532.60,1619.60,0.00,0.00,0.00,4.80,8.80,0.00,20.40,0.00,0.00,0.00,0.00,0.40,0.00,0.40,0.00,9.60,4337568,0,27062352,86.19,35456,495040,28164412,89.70,26421388,340528,276,26231532,53092,3264,55432,58076,0,0,0.00,0,0.00,6,394,4.18,3.61,3.24,0,0.40,0.00,9.60,24.00,0.00,0.00,0.00,0.00,2.20,4.40,0.37,1.93,0.00,0.00,0.00,0.00
2018-01-05 07:40:01,99.85,0.00,0.15,0.00,0.00,0.00,0.00,0.00,0.00,0.00,0.00,1515.60,1623.80,0.00,0.00,0.00,8.80,41.00,0.00,47.40,0.00,0.00,0.00,0.00,1.20,0.00,1.20,0.00,17.60,4337436,0,27062484,86.19,35464,495064,28164412,89.70,26421412,340548,304,26231600,53100,3264,55432,58076,0,0,0.00,0,0.00,5,394,4.17,3.61,3.24,0,1.20,0.00,17.60,14.67,0.00,0.00,0.00,0.00,1.60,3.00,0.13,0.68,0.00,0.00,0.00,0.00
2018-01-05 07:40:06,99.20,0.00,0.80,0.00,0.00,0.00,0.00,0.00,0.00,0.00,2.40,1656.40,1649.60,0.00,0.00,0.00,56.80,79.00,0.00,237.40,0.00,0.00,0.00,0.00,1.40,0.00,1.40,0.00,48.00,4339664,0,27060256,86.18,35472,493772,28164412,89.70,26419836,339680,0,26229916,53108,3264,55428,58076,0,0,0.00,0,0.00,6,406,4.15,3.62,3.24,0,1.40,0.00,48.00,34.29,0.01,0.00,3.43,0.48,10.20,12.40,2.99,4.64,0.00,0.00,0.00,0.00
2018-01-05 07:40:11,32.93,0.00,0.05,0.00,0.05,0.00,0.00,0.00,0.00,66.97,0.00,1595.00,1233.80,0.00,0.00,0.00,128.80,16.00,0.00,748.40,0.00,0.00,0.00,0.00,0.80,0.00,0.80,0.00,124.80,4339088,0,27060832,86.18,35476,493528,28164412,89.70,26418128,339144,204,26230332,53076,3360,55428,58076,0,0,0.00,0,0.00,6,406,3.82,3.56,3.23,1,0.80,0.00,124.80,156.00,0.02,19.00,8.00,0.64,11.20,12.00,4.73,6.12,0.00,0.00,0.00,0.00
2018-01-05 07:40:16,99.75,0.00,0.25,0.00,0.00,0.00,0.00,0.00,0.00,0.00,0.00,1616.00,1632.60,0.00,0.00,0.00,3.20,11.60,0.00,21.60,0.00,0.00,0.00,0.00,1.60,0.00,1.60,0.00,204.80,4339096,0,27060824,86.18,35480,493556,28164412,89.70,26418132,339160,816,26230348,53068,3360,55428,58076,0,0,0.00,0,0.00,5,406,3.83,3.57,3.23,0,1.60,0.00,204.80,128.00,0.02,19.50,3.00,0.48,2.60,4.80,0.38,1.88,0.00,0.00,0.00,0.00
2018-01-05 07:40:21,99.90,0.00,0.10,0.00,0.00,0.00,0.00,0.00,0.00,0.00,0.00,1516.40,1587.40,0.00,0.00,0.00,4.80,11.00,0.00,326.40,0.00,0.00,0.00,0.00,0.60,0.00,0.60,0.00,9.60,4339104,0,27060816,86.18,35488,493580,28164412,89.70,26418152,339172,828,26230356,53116,3360,55428,58076,0,0,0.00,0,0.00,6,406,3.85,3.57,3.23,0,0.60,0.00,9.60,16.00,0.00,0.00,0.00,0.00,1.20,2.40,0.11,0.56,0.00,0.00,0.00,0.00
2018-01-05 07:40:26,99.80,0.00,0.20,0.00,0.00,0.00,0.00,0.00,0.00,0.00,0.00,1488.00,1591.60,0.00,0.00,0.00,4.00,9.60,0.00,203.00,0.00,0.00,0.00,0.00,0.40,0.00,0.40,0.00,8.00,4342548,0,27057372,86.17,35496,493608,28164412,89.70,26414600,339184,856,26226776,53052,3360,55424,58076,0,0,0.00,0,0.00,5,406,3.86,3.58,3.24,0,0.40,0.00,8.00,20.00,0.00,0.00,0.00,0.00,2.40,4.60,0.38,1.87,0.00,0.00,0.00,0.00
2018-01-05 07:40:31,99.80,0.00,0.20,0.00,0.00,0.00,0.00,0.00,0.00,0.00,0.00,1523.00,1596.80,0.00,0.00,0.00,129.60,11.40,0.00,27.20,0.00,0.00,0.00,0.00,7.20,0.00,7.20,0.00,259.20,4342720,0,27057200,86.17,35504,493632,28164412,89.70,26414616,339204,272,26226776,53004,3360,55424,58076,0,0,0.00,0,0.00,5,406,3.87,3.59,3.24,0,7.20,0.00,259.20,36.00,0.00,0.00,0.00,0.00,1.40,2.80,0.13,0.67,0.00,0.00,0.00,0.00
2018-01-05 07:40:36,99.85,0.00,0.15,0.00,0.00,0.00,0.00,0.00,0.00,0.00,0.00,1525.60,1585.00,0.00,0.00,0.00,8.00,9.20,0.00,19.80,0.00,0.00,0.00,0.00,0.60,0.00,0.60,0.00,16.00,4342744,0,27057176,86.17,35512,493652,28164412,89.70,26414628,339224,288,26226776,52980,3360,55424,58076,0,0,0.00,0,0.00,5,406,3.88,3.59,3.25,0,0.60,0.00,16.00,26.67,0.00,0.00,0.00,0.00,2.00,4.00,0.36,1.76,0.00,0.00,0.00,0.00
2018-01-05 07:40:41,99.80,0.00,0.15,0.00,0.00,0.00,0.00,0.00,0.00,0.05,0.00,1514.20,1609.00,0.00,0.00,0.00,52.80,14.80,0.00,149.00,0.00,0.00,0.00,0.00,1.40,0.00,1.40,0.00,105.60,4345256,0,27054664,86.16,35512,493684,28164412,89.70,26412084,339244,128,26224220,53012,3360,55420,58076,0,0,0.00,0,0.00,5,406,3.97,3.62,3.25,0,1.40,0.00,105.60,75.43,0.00,0.00,0.00,0.00,1.40,2.80,0.13,0.67,0.00,0.00,0.00,0.00
2018-01-05 07:40:46,99.85,0.00,0.15,0.00,0.00,0.00,0.00,0.00,0.00,0.00,0.00,1536.40,1617.60,0.00,0.00,0.00,12.00,10.20,0.00,19.60,0.00,0.00,0.00,0.00,0.60,0.00,0.60,0.00,24.00,4345248,0,27054672,86.16,35520,493708,28164412,89.70,26412100,339260,184,26224228,53020,3360,55420,58076,0,0,0.00,0,0.00,5,406,3.97,3.62,3.26,0,0.60,0.00,24.00,40.00,0.00,0.00,0.00,0.00,2.20,4.40,0.37,1.86,0.00,0.00,0.00,0.00
2018-01-05 07:40:51,99.95,0.00,0.05,0.00,0.00,0.00,0.00,0.00,0.00,0.00,2.20,1568.60,1599.00,0.00,0.00,0.00,4.80,714.20,0.00,227.20,0.00,0.00,0.00,0.00,0.40,0.00,0.40,0.00,9.60,4345176,0,27054744,86.16,35528,493732,28164412,89.70,26414192,339280,216,26224244,53060,3360,55420,58076,0,0,0.00,0,0.00,5,406,3.97,3.63,3.26,0,0.40,0.00,9.60,24.00,0.04,98.00,98.00,3.92,1.40,2.60,0.18,0.63,0.00,0.00,0.00,0.00
2018-01-05 07:40:56,99.85,0.00,0.15,0.00,0.00,0.00,0.00,0.00,0.00,0.00,0.00,1504.60,1607.60,0.00,0.00,0.00,4.80,8.60,0.00,19.00,0.00,0.00,0.00,0.00,0.40,0.00,0.40,0.00,9.60,4345200,0,27054720,86.16,35536,493756,28164412,89.70,26414212,339296,248,26224244,53068,3360,55420,58076,0,0,0.00,0,0.00,6,406,3.98,3.64,3.27,0,0.40,0.00,9.60,24.00,0.00,0.00,0.00,0.00,2.40,4.60,0.38,1.87,0.00,0.00,0.00,0.00
2018-01-05 07:41:01,99.80,0.00,0.15,0.00,0.00,0.00,0.00,0.00,0.00,0.05,0.00,1592.80,1608.80,0.00,0.00,0.00,3.20,11.20,0.00,198.20,0.00,0.00,0.00,0.00,0.40,0.00,0.40,0.00,6.40,4348356,0,27051564,86.15,35544,493776,28164412,89.70,26410648,339328,276,26220664,53076,3360,55416,58076,0,0,0.00,0,0.00,5,406,3.98,3.64,3.27,0,0.40,0.00,6.40,16.00,0.00,0.00,0.00,0.00,1.20,2.60,0.11,0.65,0.00,0.00,0.00,0.00
2018-01-05 07:41:06,99.90,0.00,0.10,0.00,0.00,0.00,0.00,0.00,0.00,0.00,0.00,1526.40,1612.80,0.00,0.00,0.00,10.40,11.20,0.00,68.20,0.00,0.00,0.00,0.00,2.00,0.00,2.00,0.00,20.80,4349032,0,27050888,86.15,35544,493808,28164412,89.70,26410000,339336,252,26219788,53060,3360,55416,58076,0,0,0.00,0,0.00,5,394,3.98,3.65,3.27,0,2.00,0.00,20.80,10.40,0.00,0.00,0.00,0.00,2.00,3.80,0.36,1.68,0.00,0.00,0.00,0.00
2018-01-05 07:41:11,99.80,0.00,0.20,0.00,0.00,0.00,0.00,0.00,0.00,0.00,0.00,1493.80,1616.40,0.00,0.00,0.00,19.20,14.20,0.00,18.20,0.00,0.00,0.00,0.00,1.40,0.00,1.40,0.00,38.40,4349212,0,27050708,86.15,35552,493836,28164412,89.70,26409796,339348,288,26219792,53060,3264,55416,58076,0,0,0.00,0,0.00,10,394,3.98,3.65,3.28,0,1.40,0.00,38.40,27.43,0.00,0.00,0.00,0.00,1.60,3.00,0.13,0.68,0.00,0.00,0.00,0.00
2018-01-05 07:41:16,99.95,0.00,0.05,0.00,0.00,0.00,0.00,0.00,0.00,0.00,0.00,1553.00,1605.00,0.00,0.00,0.00,50.40,9.60,0.00,146.20,0.00,0.00,0.00,0.00,1.20,0.00,1.20,0.00,100.80,4351764,0,27048156,86.14,35560,493860,28164412,89.70,26407256,339368,144,26217232,53072,3264,55416,58076,0,0,0.00,0,0.00,5,394,3.98,3.66,3.28,0,1.20,0.00,100.80,84.00,0.00,0.00,0.00,0.00,2.20,4.40,0.37,1.86,0.00,0.00,0.00,0.00
2018-01-05 07:41:21,99.85,0.00,0.15,0.00,0.00,0.00,0.00,0.00,0.00,0.00,0.00,1484.80,1596.80,0.00,0.00,0.00,5.60,11.00,0.00,19.20,0.00,0.00,0.00,0.00,0.40,0.00,0.40,0.00,11.20,4351748,0,27048172,86.14,35568,493888,28164412,89.70,26407260,339392,188,26217240,53040,3264,55412,58076,0,0,0.00,0,0.00,5,394,3.98,3.67,3.29,0,0.40,0.00,11.20,28.00,0.00,0.00,0.00,0.00,1.40,2.60,0.11,0.57,0.00,0.00,0.00,0.00
2018-01-05 07:41:26,99.80,0.00,0.20,0.00,0.00,0.00,0.00,0.00,0.00,0.00,0.00,1542.00,1601.20,0.00,0.00,0.00,4.80,8.60,0.00,23.20,0.00,0.00,0.00,0.00,0.80,0.00,0.80,0.00,9.60,4351780,0,27048140,86.14,35576,493908,28164412,89.70,26407280,339412,200,26217244,53040,3264,55412,58076,0,0,0.00,0,0.00,5,394,3.99,3.67,3.29,0,0.80,0.00,9.60,12.00,0.00,0.00,0.00,0.00,2.20,4.40,0.37,1.86,0.00,0.00,0.00,0.00
2018-01-05 07:41:31,100.00,0.00,0.00,0.00,0.00,0.00,0.00,0.00,0.00,0.00,0.00,1530.60,1590.60,0.00,0.00,0.00,3.20,10.80,0.00,19.20,0.00,0.00,0.00,0.00,0.40,0.00,0.40,0.00,6.40,4351780,0,27048140,86.14,35584,493924,28164412,89.70,26407292,339428,224,26217244,53040,3264,55412,58076,0,0,0.00,0,0.00,5,394,3.99,3.68,3.29,0,0.40,0.00,6.40,16.00,0.00,0.00,0.00,0.00,1.40,2.80,0.13,0.67,0.00,0.00,0.00,0.00
2018-01-05 07:41:36,48.31,0.00,0.05,0.00,0.05,0.00,0.00,0.00,0.00,51.59,0.00,1541.20,1327.20,0.00,0.00,0.00,4.00,8.60,0.00,148.40,0.00,0.00,0.00,0.00,0.20,0.00,0.20,0.00,8.00,4354384,0,27045536,86.13,35584,493976,28164412,89.70,26404748,339452,276,26214688,53040,3264,55412,58076,0,0,0.00,0,0.00,1,394,3.83,3.65,3.29,0,0.20,0.00,8.00,40.00,0.00,0.00,0.00,0.00,3.20,4.80,0.42,3.58,0.00,0.00,0.00,0.00
2018-01-05 07:41:41,47.76,0.00,0.15,0.00,0.00,0.00,0.00,0.00,0.00,52.09,0.00,1682.80,1438.40,0.00,0.00,0.00,25.60,15.80,0.00,268.20,0.00,0.00,0.00,0.00,3.60,0.00,3.60,0.00,51.20,4354084,0,27045836,86.13,35592,494000,28164412,89.70,26404760,339472,276,26214688,52968,3264,55412,58076,0,0,0.00,0,0.00,5,394,3.52,3.59,3.27,0,3.60,0.00,51.20,14.22,0.00,0.00,0.00,0.00,75.60,64.20,606.56,7.06,0.00,0.00,0.00,0.00
2018-01-05 07:41:46,99.80,0.00,0.20,0.00,0.00,0.00,0.00,0.00,0.00,0.00,0.00,1510.60,1619.80,0.00,0.00,0.00,20.00,12.00,0.00,17.40,0.00,0.00,0.00,0.00,0.80,0.00,0.80,0.00,40.00,4354076,0,27045844,86.13,35604,494028,28164412,89.70,26404784,339472,372,26214696,52976,3264,55412,58076,0,0,0.00,0,0.00,5,394,3.56,3.60,3.27,0,0.80,0.00,40.00,50.00,0.00,0.00,0.00,0.00,2.40,4.60,0.38,1.87,0.00,0.00,0.00,0.00
2018-01-05 07:41:51,99.80,0.00,0.20,0.00,0.00,0.00,0.00,0.00,0.00,0.00,0.00,1519.16,1634.53,0.00,0.00,0.00,43.11,11.58,0.00,201.80,0.00,0.00,0.00,0.00,1.40,0.00,1.40,0.00,86.23,4357496,0,27042424,86.12,35612,494052,28164412,89.70,26401228,339508,228,26211108,52968,3264,55408,58076,0,0,0.00,0,0.00,5,394,3.59,3.60,3.28,0,1.40,0.00,86.23,61.71,0.05,33.14,16.57,2.32,1.20,2.40,0.11,0.56,0.00,0.00,0.00,0.00
2018-01-05 07:41:56,99.85,0.00,0.15,0.00,0.00,0.00,0.00,0.00,0.00,0.00,0.00,1527.60,1635.40,0.00,0.00,0.00,5.60,8.60,0.00,18.40,0.00,0.00,0.00,0.00,0.40,0.00,0.40,0.00,11.20,4357448,0,27042472,86.12,35620,494080,28164412,89.70,26401236,339532,272,26211108,52984,3264,55408,58076,0,0,0.00,0,0.00,5,394,3.63,3.61,3.28,0,0.40,0.00,11.20,28.00,0.00,0.00,0.00,0.00,2.20,4.40,0.37,1.86,0.00,0.00,0.00,0.00
2018-01-05 07:42:01,99.95,0.00,0.05,0.00,0.00,0.00,0.00,0.00,0.00,0.00,0.00,1491.80,1614.60,0.00,0.00,0.00,3.20,10.60,0.00,19.60,0.00,0.00,0.00,0.00,0.40,0.00,0.40,0.00,6.40,4357340,0,27042580,86.12,35628,494100,28164412,89.70,26401248,339552,292,26211112,53004,3264,55408,58076,0,0,0.00,0,0.00,8,394,3.66,3.62,3.29,0,0.40,0.00,6.40,16.00,0.00,0.00,0.00,0.00,1.40,2.80,0.13,0.67,0.00,0.00,0.00,0.00
2018-01-05 07:42:06,99.85,0.00,0.10,0.00,0.00,0.00,0.05,0.00,0.00,0.00,0.00,1494.20,1611.00,0.00,0.00,0.00,8.00,8.80,0.00,19.40,0.00,0.00,0.00,0.00,0.60,0.00,0.60,0.00,16.00,4357324,0,27042596,86.12,35636,494128,28164412,89.70,26401268,339568,312,26211112,53020,3264,55408,58076,0,0,0.00,0,0.00,5,394,3.68,3.62,3.29,0,0.60,0.00,16.00,26.67,0.00,0.00,0.00,0.00,2.00,4.00,0.36,1.76,0.00,0.00,0.00,0.00
2018-01-05 07:42:11,99.90,0.00,0.05,0.00,0.00,0.00,0.00,0.00,0.00,0.05,0.00,1600.40,1642.20,0.00,0.00,0.00,31.20,14.80,0.00,122.60,0.00,0.00,0.00,0.00,2.80,0.00,2.80,0.00,62.40,4359392,0,27040528,86.12,35644,494152,28164412,89.70,26399232,339588,300,26209068,53060,3264,55408,58076,0,0,0.00,0,0.00,4,394,3.71,3.63,3.29,0,2.80,0.00,62.40,22.29,0.00,0.00,0.00,0.00,1.60,3.00,0.13,0.68,0.00,0.00,0.00,0.00
2018-01-05 07:42:16,99.85,0.00,0.05,0.00,0.00,0.00,0.00,0.00,0.00,0.10,0.00,1573.40,1634.80,0.00,0.00,0.00,24.00,9.60,0.00,19.20,0.00,0.00,0.00,0.00,3.40,0.00,3.40,0.00,48.00,4359408,0,27040512,86.12,35652,494172,28164412,89.70,26399248,339608,240,26209068,53044,3264,55408,58076,0,0,0.00,0,0.00,4,394,3.97,3.68,3.31,0,3.40,0.00,48.00,14.12,0.00,0.00,0.00,0.00,2.20,4.40,0.37,1.86,0.00,0.00,0.00,0.00
2018-01-05 07:42:21,99.75,0.00,0.20,0.00,0.00,0.00,0.00,0.00,0.00,0.05,0.00,1510.00,1628.20,0.00,0.00,0.00,0.00,11.00,0.00,21.80,0.00,0.00,0.00,0.00,0.00,0.00,0.00,0.00,0.00,4359392,0,27040528,86.12,35652,494204,28164412,89.70,26399264,339628,284,26209084,53064,3264,55408,58076,0,0,0.00,0,0.00,4,394,4.06,3.71,3.32,0,0.00,0.00,0.00,0.00,0.00,0.00,0.00,0.00,1.40,2.60,0.11,0.57,0.00,0.00,0.00,0.00
2018-01-05 07:42:26,99.85,0.00,0.10,0.00,0.00,0.00,0.00,0.00,0.00,0.05,0.00,1567.20,1630.40,0.00,0.00,0.00,40.80,9.20,0.00,123.60,0.00,0.00,0.00,0.00,1.00,0.00,1.00,0.00,81.60,4361344,0,27038576,86.11,35660,494228,28164412,89.70,26397248,339640,136,26207036,53064,3264,55408,58076,0,0,0.00,0,0.00,4,394,4.05,3.71,3.33,0,1.00,0.00,81.60,81.60,0.00,0.80,0.80,0.08,2.20,4.40,0.37,1.86,0.00,0.00,0.00,0.00
2018-01-05 07:42:31,99.85,0.00,0.15,0.00,0.00,0.00,0.00,0.00,0.00,0.00,0.00,1530.20,1619.60,0.00,0.00,0.00,6.40,10.40,0.00,19.20,0.00,0.00,0.00,0.00,0.40,0.00,0.40,0.00,12.80,4361228,0,27038692,86.11,35668,494256,28164412,89.70,26397256,339664,180,26207036,53088,3264,55408,58076,0,0,0.00,0,0.00,4,394,4.05,3.72,3.33,0,0.40,0.00,12.80,32.00,0.00,0.00,0.00,0.00,1.40,2.80,0.13,0.67,0.00,0.00,0.00,0.00
2018-01-05 07:42:36,99.90,0.00,0.10,0.00,0.00,0.00,0.00,0.00,0.00,0.00,0.00,1490.80,1616.00,0.00,0.00,0.00,6.40,9.00,0.00,18.20,0.00,0.00,0.00,0.00,0.80,0.00,0.80,0.00,12.80,4361212,0,27038708,86.11,35676,494276,28164412,89.70,26397272,339684,204,26207036,53104,3264,55408,58076,0,0,0.00,0,0.00,5,394,4.04,3.72,3.33,0,0.80,0.00,12.80,16.00,0.01,9.00,9.00,0.72,2.00,4.00,0.36,1.76,0.00,0.00,0.00,0.00
2018-01-05 07:42:41,99.90,0.00,0.05,0.00,0.00,0.00,0.00,0.00,0.00,0.05,0.00,1495.80,1620.40,0.00,0.00,0.00,21.60,14.00,0.00,124.00,0.00,0.00,0.00,0.00,1.20,0.00,1.20,0.00,43.20,4363236,0,27036684,86.10,35684,494296,28164412,89.70,26395232,339700,216,26204988,53068,3264,55408,58076,0,0,0.00,0,0.00,4,394,4.04,3.72,3.34,0,1.20,0.00,43.20,36.00,0.00,0.00,0.00,0.00,1.40,2.80,0.13,0.67,0.00,0.00,0.00,0.00
2018-01-05 07:42:46,99.85,0.00,0.10,0.00,0.00,0.00,0.00,0.00,0.00,0.05,0.00,1581.40,1628.80,0.00,0.00,0.00,4.00,11.20,0.00,18.80,0.00,0.00,0.00,0.00,0.20,0.00,0.20,0.00,8.00,4363196,0,27036724,86.10,35684,494328,28164412,89.70,26395276,339720,236,26205028,53116,3264,55408,58076,0,0,0.00,0,0.00,5,394,4.04,3.73,3.34,0,0.20,0.00,8.00,40.00,0.00,0.00,0.00,0.00,2.20,4.40,0.37,1.86,0.00,0.00,0.00,0.00
2018-01-05 07:42:51,99.75,0.00,0.20,0.00,0.00,0.00,0.00,0.00,0.00,0.05,0.00,1543.60,1635.20,0.00,0.00,0.00,12.00,10.80,0.00,20.60,0.00,0.00,0.00,0.00,1.80,0.00,1.80,0.00,24.00,4363040,0,27036880,86.10,35692,494356,28164412,89.70,26395292,339732,224,26205036,53124,3264,55408,58076,0,0,0.00,0,0.00,5,394,4.03,3.73,3.34,0,1.80,0.00,24.00,13.33,0.00,0.44,0.44,0.08,1.20,2.40,0.11,0.56,0.00,0.00,0.00,0.00
2018-01-05 07:42:56,99.95,0.00,0.05,0.00,0.00,0.00,0.00,0.00,0.00,0.00,0.00,1555.00,1607.40,0.00,0.00,0.00,4.00,9.40,0.00,17.60,0.00,0.00,0.00,0.00,0.40,0.00,0.40,0.00,8.00,4363024,0,27036896,86.10,35700,494380,28164412,89.70,26395304,339752,272,26205044,53148,3264,55408,58076,0,0,0.00,0,0.00,4,394,4.03,3.74,3.35,0,0.40,0.00,8.00,20.00,0.00,0.00,0.00,0.00,2.20,4.40,0.37,1.86,0.00,0.00,0.00,0.00
2018-01-05 07:43:01,91.38,0.00,0.10,0.00,0.00,0.00,0.00,0.00,0.00,8.52,0.00,1506.20,1565.20,0.00,0.00,0.00,44.00,11.00,0.00,127.20,0.00,0.00,0.00,0.00,1.00,0.00,1.00,0.00,88.00,4365172,0,27034748,86.10,35708,494408,28164412,89.70,26393292,339772,148,26203000,53144,3264,55408,58076,0,0,0.00,0,0.00,3,394,4.03,3.74,3.35,0,1.00,0.00,88.00,88.00,0.00,0.00,0.00,0.00,1.60,3.00,0.14,1.20,0.00,0.00,0.00,0.00
2018-01-05 07:43:06,20.26,0.00,0.05,0.00,0.05,0.00,0.00,0.00,0.00,79.64,0.00,1541.20,1066.20,0.00,0.00,0.00,9.60,8.20,0.00,21.60,0.00,0.00,0.00,0.00,0.60,0.00,0.60,0.00,19.20,4365156,0,27034764,86.10,35716,494424,28164412,89.70,26393304,339796,184,26203000,53160,3264,55408,58076,0,0,0.00,0,0.00,0,394,3.71,3.68,3.33,0,0.60,0.00,19.20,32.00,0.00,0.00,0.00,0.00,3.40,4.80,0.42,2.89,0.00,0.00,0.00,0.00
